Action,Average_Confidence
 kick a field goal,0.7598393565683647
 kneel down,0.7598393565683647
 pass,0.7598393565683647
 punt,0.7598393565683647
 run,0.7598393565683647
